,0
0,https://dc.gov/page/terms-and-conditions-use
1,https://dcforms.dc.gov/webform/executive-office-mayor-ask-mayor
2,https://dchealth.dc.gov/service/division-food
3,https://octo.dc.gov/rss
4,https://dcps.dc.gov/summer
5,https://dchealth.dc.gov/page/meet-our-executive-team-dchealth
6,https://dcps.dc.gov/page/dcps-connected-schools
7,https://dchealth.dc.gov/service/certificate-need
8,https://dcps.dc.gov/page/school-planning
9,https://dcps.dc.gov/node/1018312
10,https://dchealth.dc.gov/service/immunization
11,https://dchealth.dc.gov/service/data-and-statistics
12,https://octo.dc.gov/cybersecurity
13,https://dchealth.dc.gov/service/getting-involved-hiv
14,https://octo.dc.gov/service/apply-dc-one-card
15,https://dchealth.dc.gov/service/licensing-boards
16,https://dcps.dc.gov/page/core-leadership-team
17,https://dcps.dc.gov/service/school-data
18,https://dchealth.dc.gov/service/file-complaint-dc-department-health-dc-health
19,https://dc.gov/page/freedom-information-act-foia
20,https://dchealth.dc.gov/service/data-and-statistics#main-content
21,https://green.dc.gov
22,https://octo.dc.gov/page/boards-and-committees
23,https://dchealth.dc.gov/facebook
24,https://dcps.dc.gov/page/conduct-research-or-obtain-confidential-data-dcps
25,https://dcps.dc.gov/page/about-title-ix-and-frequently-asked-questions
26,https://dcps.dc.gov/page/academic-standards-dcps
27,https://dchealth.dc.gov/service/incident-report-and-6-108-discharge-transfer-and-relocation-forms
28,https://dcps.dc.gov/capitalcommitment
29,https://octo.dc.gov/node/159922
30,https://dcps.dc.gov/service/give-us-feedback
31,https://octo.dc.gov/page/it-solicitations
32,https://octo.dc.gov/page/online-maps-listing
33,https://octo.dc.gov/page/dc-net
34,https://dchealth.dc.gov/node/906582
35,https://dc.gov/page/dcgovernmentwebsite
36,https://octo.dc.gov/page/contact-agency-directors
37,https://octo.dc.gov/page/initiative
38,https://octo.dc.gov/Services
39,https://octo.dc.gov/district-resources
40,https://dchealth.dc.gov/page/about-dc-health
41,https://dcps.dc.gov/page/dcps-calendars
42,https://dchealth.dc.gov/service/hivaids
43,https://dchealth.dc.gov/service/request-record
44,https://dchealth.dc.gov/service/newborn-screening
45,https://dchealth.dc.gov/page/community-provider-resources
46,https://dcps.dc.gov/food
47,https://dcps.dc.gov/page/dcps-career-opportunities
48,https://dcps.dc.gov/afterschool
49,https://dcps.dc.gov/specialeducation
50,https://dchealth.dc.gov/service/prescription-drug-monitoring-program
51,https://dcps.dc.gov/page/academic-programs
52,https://dcps.dc.gov/district-resources
53,https://dcps.dc.gov/service/school-data#main-content
54,https://octo.dc.gov/page/interagency-data-team
55,https://dcps.dc.gov/page/chancellor%E2%80%99s-student-advisory-board
56,https://dchealth.dc.gov/service/health-professionals
57,https://dcps.dc.gov/page/language-access-families
58,https://emancipation.dc.gov
59,https://dcps.dc.gov/
60,https://dcps.dc.gov/page/contact-agency-directors
61,https://dcps.dc.gov/page/parent-resources-family-community
62,https://octo.dc.gov/page/replace-lost-dc-one-card
63,https://sustainable.dc.gov
64,https://dchealth.dc.gov/service/professional-license-applications
65,https://dcps.dc.gov/page/budget-and-finance
66,https://dchealth.dc.gov/page/office-of-health-equity
67,https://dchealth.dc.gov/page/dc-health-regulations
68,https://coronavirus.dc.gov/covidcenters
69,https://dchealth.dc.gov/cdn-cgi/l/email-protection#5e3a31361e3a3d70393128
70,https://octo.dc.gov/page/development-training-and-support
71,https://dcps.dc.gov/attendance
72,https://dcps.dc.gov/page/volunteer-our-schools
73,https://octo.dc.gov/service/maps-and-applications
74,https://octo.dc.gov/service/open-data#main-content
75,https://dchealth.dc.gov/living-with-hiv
76,https://octo.dc.gov/service/open-data
77,https://octo.dc.gov/blog
78,https://dchealth.dc.gov/service/emergency-medical-services
79,https://dchealth.dc.gov/service/community-outreach-request
80,https://dcps.dc.gov/page/inclement-weather-guidance
81,https://dchealth.dc.gov/service/nutrition-programs
82,https://dchealth.dc.gov/service/health-care-services
83,https://dcps.dc.gov/page/parent-university
84,https://dc.gov/address/200-i-street-se
85,https://newsroom.dc.gov
86,https://dchealth.dc.gov/service/college-student-internship-program
87,https://dcps.dc.gov/page/open-government-and-foia-dcps
88,https://dcps.dc.gov/sports
89,https://dchealth.dc.gov/French%20%28Fran%C3%A7ais%29
90,https://dchealth.dc.gov/page/open-government-and-foia-dc-health
91,https://dcps.dc.gov/external-link/locate-your-boundary-school
92,https://dcps.dc.gov/visit
93,https://dchealth.dc.gov/service/oral-health-program
94,https://dchealth.dc.gov/twitter
95,https://dcps.dc.gov/page/our-schools
96,https://dchealth.dc.gov/page/resources-01
97,https://dcps.dc.gov/prektograduation
98,https://dchealth.dc.gov/service/medicare-uninsured-underinsured-vaccine-providers
99,https://dchealth.dc.gov/service/dc-health-reports
100,https://dcps.dc.gov/page/accolades-dcps-educators
101,https://dc.gov/online-services
102,https://dcps.dc.gov/page/dcps-partners
103,https://dcps.dc.gov/page/high-school-academic-standards
104,https://ready.dc.gov/
105,https://dcps.dc.gov/biography/dr-lewis-ferebee
106,https://octo.dc.gov/page/firstnet
107,https://octo.dc.gov/webcasts
108,https://dchealth.dc.gov/service/criminal-background-check
109,https://dcps.dc.gov/service/school-mental-health
110,https://dcps.dc.gov/page/health-and-wellness
111,https://dchealth.dc.gov/Chinese%20%28%E4%B8%AD%E6%96%87%29
112,https://dchealth.dc.gov/biography/sharon-lewis
113,https://octo.dc.gov/page/small-cells
114,https://dchealth.dc.gov/service/shortage-designation
115,https://octo.dc.gov/octo-usability-lab
116,https://dchealth.dc.gov/page/doh-telephone-directory
117,https://calendar.dc.gov/events
118,https://dcps.dc.gov/surveys
119,https://dcps.dc.gov/page/student-empowerment-support
120,https://dc.gov/page/privacy-and-security
121,https://dchealth.dc.gov/service/hiv-reports-and-publications
122,https://dchealth.dc.gov/page/press-dchealth
123,https://dcps.dc.gov/page/school-leadership
124,https://dchealth.dc.gov/service/occupational-safety-and-health-statistics-program
125,https://dc.gov/page/dcgov-accessibility-policy
126,https://dchealth.dc.gov/service/animal-services-program-page
127,https://mayor.dc.gov/newsroom
128,https://octo.dc.gov/page/open-government-and-foia-octo
129,https://dcps.dc.gov/node/987412
130,https://octo.dc.gov/
131,https://octo.dc.gov/facebook
132,https://octo.dc.gov/node/1239971
133,https://connect.dc.gov
134,https://dchealth.dc.gov/page/community-health-administration
135,https://dcforms.dc.gov/webform/department-health-ask-director
136,https://dcforms.dc.gov/webform/office-octo-ask-director
137,https://dcps.dc.gov/page/local-school-advisory-teams-lsat
138,https://ogag.dc.gov/
139,https://dchealth.dc.gov/service/condoms-and-condom-information
140,https://dchealth.dc.gov/Vietnamese%20%28Ti%E1%BA%BFng%20Vi%E1%BB%87t%29
141,https://dchealth.dc.gov/service/national-health-services-corps
142,https://octo.dc.gov/cdn-cgi/l/email-protection#d0bfb3a4bf90b4b3feb7bfa6
143,https://dc.gov/directory
144,https://octo.dc.gov/twitter
145,https://dchealth.dc.gov/service/behavioral-risk-factor-surveillance-system
146,https://dchealth.dc.gov/service/dc-health-professional-loan-repayment-program-hplrp
147,https://dchealth.dc.gov/node/139472
148,https://dchealth.dc.gov/rss
149,https://dcps.dc.gov/page/community-action-team
150,https://dchealth.dc.gov/service/vaccines-children-vfc
151,https://dcps.dc.gov/page/student-life
152,https://dcps.dc.gov/service/district-knowledge-network-dkn
153,https://dchealth.dc.gov/service/icfd
154,https://octo.dc.gov/cdn-cgi/l/email-protection#7b14180f143b1f18551c140d
155,https://octo.dc.gov/page/octo-programs
156,https://dcps.dc.gov/assessments
157,https://dchealth.dc.gov/dc-health-and-wellness-center
158,https://octo.dc.gov/service/dc-gis-services
159,https://octo.dc.gov/cdn-cgi/l/email-protection#f39c90879cb39790dd949c85
160,https://dchealth.dc.gov/pcd
161,https://dchealth.dc.gov/page/dc-health-applications-and-forms
162,https://dcps.dc.gov/page/press-center-dcps
163,https://dchealth.dc.gov/service/primary-care-workforce-development
164,https://dcps.dc.gov/node/987312
165,https://dchealth.dc.gov/service/grants-management
166,https://dchealth.dc.gov/service/emergency-preparedness-and-response-doh
167,https://dchealth.dc.gov/service/facilities-directories
168,https://dcps.dc.gov/page/about-dcps
169,https://dchealth.dc.gov/service/special-supplemental-nutrition-program-women-infants-and-children-wic
170,https://dchealth.dc.gov/page/health-emergency-preparedness-and-response-administration
171,https://dchealth.dc.gov/page/contact-agency-directors
172,https://dchealth.dc.gov/service/sexually-transmitted-disease-and-infection
173,https://dchealth.dc.gov/service/school-health-surveillance-and-disease-reporting
174,https://dchealth.dc.gov/service/radiation-control-medical-devices-division
175,https://dcps.dc.gov/page/dcps-human-resources
176,https://dchealth.dc.gov/page/amharic-%E1%8A%A0%E1%88%9B%E1%88%AD%E1%8A%9B-11
177,https://dchealth.dc.gov/service/data-request-forms
178,https://dchealth.dc.gov/cdn-cgi/l/email-protection#a1c5cec9e1c5c28fc6ced7
179,https://dc.gov/contracts
180,https://dcps.dc.gov/page/school-counseling
181,https://dcps.dc.gov/page/office-integrity
182,https://octo.dc.gov/external-link/data-catalog
183,https://octo.dc.gov/service/it-standards
184,https://cfo.dc.gov/budget
185,https://dchealth.dc.gov/Korean%20%28%ED%95%9C%EA%B5%AD%EC%96%B4%29
186,https://oag.dc.gov/consumer-protection
187,https://dcps.dc.gov/page/dcps-policies
188,https://dchealth.dc.gov/
189,https://dchealth.dc.gov/service/school-based-health-centers
190,https://dcps.dc.gov/page/empowered-learners-initiative-eli-0
191,https://311.dc.gov/citizen/home
192,https://dcps.dc.gov/page/chancellors-parent-advisory-board-0
193,https://dchealth.dc.gov/service/rodent-and-vector-control-division
194,https://octo.dc.gov/node/1310836
195,https://opendata.dc.gov/
196,https://dcps.dc.gov/node/966722
197,https://propertyquest.dc.gov
198,https://dchealth.dc.gov/service/domestic-partnership
199,https://octo.dc.gov/cdn-cgi/l/email-protection#503f33243f1034337e373f26
200,https://dcps.dc.gov/page/make-donation-dcps
201,https://octo.dc.gov/biography/lindsey-parker
202,https://dcps.dc.gov/page/community-engagement-home
203,https://dcps.dc.gov/page/dcps-glance-enrollment
204,https://dchealth.dc.gov/service/division-community-hygiene
205,https://dcps.dc.gov/page/urban-education-leaders-internship-program
206,https://dcps.dc.gov/ece
207,https://greatstreets.dc.gov
208,https://octo.dc.gov/itpolicies
209,https://octo.dc.gov/subscribe
210,https://dchealth.dc.gov/service/family-health-bureau
211,https://dcps.dc.gov/publication/curriculum-dcps
212,https://octo.dc.gov/page/vpn-login-support
213,https://octo.dc.gov/service/dc-one-card-digital-account
214,https://dchealth.dc.gov/page/hiv-std-prevention-and-testing-and-treatment
215,https://smarter.dc.gov
216,https://dc.gov/page/mobile-apps
217,https://dcps.dc.gov/node/966292
218,https://dcps.dc.gov/page/middle-school-academic-standards
219,https://dchealth.dc.gov/page/doh-service-telephone-directory
220,https://dchealth.dc.gov/publication/dc-health-standard-operating-procedures
221,https://dchealth.dc.gov/Spanish%20%28Espa%C3%B1ol%29
222,https://dcps.dc.gov/publication/printable-school-directory
223,https://dchealth.dc.gov/service/cancer-and-chronic-disease-prevention
224,https://dchealth.dc.gov/subscribe
225,https://dchealth.dc.gov/mrc
226,https://octo.dc.gov/page/dc-one-card
227,https://dcps.dc.gov/external-link/dcps-school-profiles
228,https://dchealth.dc.gov/page/hivaids-hepatitis-std-and-tb-administration-hahsta
229,https://dcps.dc.gov/page/studentparentvisitor-grievance-process
230,https://dcps.dc.gov/page/sustainable-schools
231,https://dcps.dc.gov/page/student-placement
232,https://dchealth.dc.gov/node/1135206
233,https://agefriendly.dc.gov
234,https://dcps.dc.gov/page/behavior-and-school-culture
235,https://octo.dc.gov/page/about-octo
236,https://dchealth.dc.gov/service/school-health-services-program
237,https://dcps.dc.gov/DL
238,https://dchealth.dc.gov/service/adolescent-health-programs
239,https://octo.dc.gov/page/dc-one-card-frequently-asked-questions
240,https://dcps.dc.gov/page/design-lab
241,https://oca.dc.gov/node/160652
242,https://dcps.dc.gov/page/dcps-glance-performance
243,https://dchealth.dc.gov/services
244,https://dchealth.dc.gov/page/health-regulation-and-licensing-administration
245,https://octo.dc.gov/page/employee-resources
246,https://dcps.dc.gov/page/frequently-visited-websites
247,https://dchealth.dc.gov/service/rape-prevention-education-program
248,https://octo.dc.gov/page/dc-gov-awards
249,https://dchealth.dc.gov/newsroom
250,https://311.dc.gov/
251,https://dchealth.dc.gov/webcasts
252,https://dchealth.dc.gov/service/health-regulations-and-licensing-reports
253,https://dcps.dc.gov/page/dcps-teachers-and-educators
254,https://dchealth.dc.gov/service/death-certificates
255,https://dchealth.dc.gov/infectiousdisease
256,https://dcps.dc.gov/page/stay-informed-emergencies-delays-and-closures
257,https://octo.dc.gov/jobs
258,https://dcps.dc.gov/node/1013812
259,https://octo.dc.gov/page/district-agency-support
260,https://dcps.dc.gov/node/1078112
261,https://dcps.dc.gov/page/community-service
262,https://idmsprdweb.dc.gov/manage/index.jsf
263,https://dchealth.dc.gov/service/pregnancy-program
264,https://dchealth.dc.gov/page/meaningful-use-mu-public-health-reporting
265,https://dcps.dc.gov/page/dcps-organization
266,https://dchealth.dc.gov/service/obesity-overview
267,https://octo.dc.gov/page/use-dc-one-card
268,https://dchealth.dc.gov/service/children-and-youth-special-health-care-needs
269,https://dcps.dc.gov/page/family-engagement
270,https://dchealth.dc.gov/page/center-policy-planning-and-evaluation
271,https://dc.gov/page/about-district-government-website
272,https://dchealth.dc.gov/node/139482
273,https://dcps.dc.gov/page/parent-organizations
274,https://dcps.dc.gov/node/1227376
275,https://dcps.dc.gov/page/family-community
276,https://dchealth.dc.gov/vital-records
277,https://dchealth.dc.gov/service/health-care-facilities
278,https://dcps.dc.gov/node/987382
279,https://dchealth.dc.gov/service/institutional-review-board-public-health
280,https://dchealth.dc.gov/page/hiv-services-district-columbia
281,https://dcps.dc.gov/node/987402
282,https://dchealth.dc.gov/service/special-events-HEPRA
283,https://dchealth.dc.gov/page/death-dignity-act-2016
284,https://dchealth.dc.gov/node/872532
285,https://dcps.dc.gov/page/continuous-education-plan-cep
286,https://dcps.dc.gov/page/extended-day
287,https://dchealth.dc.gov/district-resources
288,https://dcps.dc.gov/page/elementary-school-academic-standards
289,https://dcps.dc.gov/service/dcps-downloadable-data-sets
290,https://dchealth.dc.gov/page/what-hivaids
291,https://dchealth.dc.gov/service/birth-certificates
292,https://dchealth.dc.gov/dcrx
293,https://dcps.dc.gov/services
294,https://dcps.dc.gov/page/doing-business-dcps
295,https://dchealth.dc.gov/service/nutrition-and-physical-fitness-bureau
296,https://dcps.dc.gov/collegecareer
297,https://dcps.dc.gov/page/student-safety
298,https://octo.dc.gov/media
299,https://dcps.dc.gov/node/978212
